Workbook

Sheet Sheet1
A1: MSSV | B1: Hoten | D1: Lop
A2: 1111434 | B2: Lê Huỳnh | C2: Như | D2: DI11Y9A2
A3: 1111450 | B3: Sơn | C3: Sony | D3: DI11Y9A1
A4: A1200014 | B4: Võ Đông | C4: Triều | D4: CP1296C1
A5: A1200028 | B5: Lê Phong | C5: Cảnh | D5: CP1296C1
A6: A1200137 | B6: Trần Tấn | C6: Quốc | D6: CP1296C1
A7: B1204052 | B7: Nguyễn Thanh | C7: Phong | D7: DI1296A2
A8: B1204121 | B8: Nguyễn Thanh | C8: Thiên | D8: DI1295A1
A9: B1208601 | B9: Hồ Thị Huế | C9: Chi | D9: Di12Z6A2
A10: B1209103 | B10: Nguyễn Hoài | C10: Nam | D10: TC12Z5A1
A11: B1209107 | B11: Cao Tuấn | C11: Nguyên | D11: TC12Z5A1
A12: B1209144 | B12: Huỳnh Nhựt | C12: Thương | D12: TC12Z5A2
A13: B1302016 | B13: Nguyễn Phước | C13: Toàn | D13: XH13W9A1
A14: B1304488 | B14: Hồng Duy | C14: Hiệu | D14: DI13Z6A1
A15: B1304494 | B15: Kim | C15: Mel | D15: DI13Z6A1

Sheet Sheet2
A1: MSSV | B1: MaMH | C1: Diem | D1: Hoten | E1: Lop
A2: 1111434 | B2: CT447 | C2: A | D2: =VLOOKUP(A2,Sheet1!$A$2:$D$15,2,FALSE)& " " & VLOOKUP(A2,Sheet1!$A$2:$D$15,3,FALSE) -> Lê Huỳnh Như | E2: =VLOOKUP(A2,Sheet1!$A$2:$D$15,4,FALSE) -> DI11Y9A2
A3: 1111450 | B3: CT107 | C3: A | D3: =VLOOKUP(A3,Sheet1!$A$2:$D$15,2,FALSE)& " " & VLOOKUP(A3,Sheet1!$A$2:$D$15,3,FALSE) -> Sơn Sony | E3: =VLOOKUP(A3,Sheet1!$A$2:$D$15,4,FALSE) -> DI11Y9A1
A4: A1200014 | B4: CT178 | C4: C | D4: =VLOOKUP(A4,Sheet1!$A$2:$D$15,2,FALSE)& " " & VLOOKUP(A4,Sheet1!$A$2:$D$15,3,FALSE) -> Võ Đông Triều | E4: =VLOOKUP(A4,Sheet1!$A$2:$D$15,4,FALSE) -> CP1296C1
A5: A1200028 | B5: CT447 | C5: D | D5: =VLOOKUP(A5,Sheet1!$A$2:$D$15,2,FALSE)& " " & VLOOKUP(A5,Sheet1!$A$2:$D$15,3,FALSE) -> Lê Phong Cảnh | E5: =VLOOKUP(A5,Sheet1!$A$2:$D$15,4,FALSE) -> CP1296C1
A6: A1200137 | B6: CT107 | C6: B | D6: =VLOOKUP(A6,Sheet1!$A$2:$D$15,2,FALSE)& " " & VLOOKUP(A6,Sheet1!$A$2:$D$15,3,FALSE) -> Trần Tấn Quốc | E6: =VLOOKUP(A6,Sheet1!$A$2:$D$15,4,FALSE) -> CP1296C1
A7: B1204052 | B7: CT178 | C7: A | D7: =VLOOKUP(A7,Sheet1!$A$2:$D$15,2,FALSE)& " " & VLOOKUP(A7,Sheet1!$A$2:$D$15,3,FALSE) -> Nguyễn Thanh Phong | E7: =VLOOKUP(A7,Sheet1!$A$2:$D$15,4,FALSE) -> DI1296A2
A8: B1204121 | B8: CT447 | C8: A | D8: =VLOOKUP(A8,Sheet1!$A$2:$D$15,2,FALSE)& " " & VLOOKUP(A8,Sheet1!$A$2:$D$15,3,FALSE) -> Nguyễn Thanh Thiên | E8: =VLOOKUP(A8,Sheet1!$A$2:$D$15,4,FALSE) -> DI1295A1
A9: B1208601 | B9: CT107 | C9: C | D9: =VLOOKUP(A9,Sheet1!$A$2:$D$15,2,FALSE)& " " & VLOOKUP(A9,Sheet1!$A$2:$D$15,3,FALSE) -> Hồ Thị Huế Chi | E9: =VLOOKUP(A9,Sheet1!$A$2:$D$15,4,FALSE) -> Di12Z6A2
A10: B1209103 | B10: CT178 | C10: D | D10: =VLOOKUP(A10,Sheet1!$A$2:$D$15,2,FALSE)& " " & VLOOKUP(A10,Sheet1!$A$2:$D$15,3,FALSE) -> Nguyễn Hoài Nam | E10: =VLOOKUP(A10,Sheet1!$A$2:$D$15,4,FALSE) -> TC12Z5A1
A11: B1209107 | B11: CT447 | C11: B | D11: =VLOOKUP(A11,Sheet1!$A$2:$D$15,2,FALSE)& " " & VLOOKUP(A11,Sheet1!$A$2:$D$15,3,FALSE) -> Cao Tuấn Nguyên | E11: =VLOOKUP(A11,Sheet1!$A$2:$D$15,4,FALSE) -> TC12Z5A1
A12: B1209144 | B12: CT107 | C12: A | D12: =VLOOKUP(A12,Sheet1!$A$2:$D$15,2,FALSE)& " " & VLOOKUP(A12,Sheet1!$A$2:$D$15,3,FALSE) -> Huỳnh Nhựt Thương | E12: =VLOOKUP(A12,Sheet1!$A$2:$D$15,4,FALSE) -> TC12Z5A2
A13: B1302016 | B13: CT178 | C13: C | D13: =VLOOKUP(A13,Sheet1!$A$2:$D$15,2,FALSE)& " " & VLOOKUP(A13,Sheet1!$A$2:$D$15,3,FALSE) -> Nguyễn Phước Toàn | E13: =VLOOKUP(A13,Sheet1!$A$2:$D$15,4,FALSE) -> XH13W9A1
A14: B1304488 | B14: CT447 | C14: D | D14: =VLOOKUP(A14,Sheet1!$A$2:$D$15,2,FALSE)& " " & VLOOKUP(A14,Sheet1!$A$2:$D$15,3,FALSE) -> Hồng Duy Hiệu | E14: =VLOOKUP(A14,Sheet1!$A$2:$D$15,4,FALSE) -> DI13Z6A1
A15: B1304494 | B15: CT107 | C15: B | D15: =VLOOKUP(A15,Sheet1!$A$2:$D$15,2,FALSE)& " " & VLOOKUP(A15,Sheet1!$A$2:$D$15,3,FALSE) -> Kim Mel | E15: =VLOOKUP(A15,Sheet1!$A$2:$D$15,4,FALSE) -> DI13Z6A1

Sheet Sheet3
A1: MaMH | B1: TenMH | D1: TinChi
A2: CT447 | B2: Quan Tri He Thong | D2: 3
A3: CT107 | B3: He Dieu Hanh | D3: 3
A4: CT178 | B4: Nen tang CNTT | D4: 3

Sheet Bài 2 kết quả
A1: KẾT QUẢ:
A2: Câu A: | B2: B1204052 | C2: Nguyễn Thanh | D2: Phong | E2: DI1296A2
A4: Câu B: | B4: A1200014 | C4: CT178 | D4: C | E4: Võ Đông Triều | F4: CP1296C1
B5: B1204052 | C5: CT178 | D5: A | E5: Nguyễn Thanh Phong | F5: DI1296A2
B6: B1209103 | C6: CT178 | D6: D | E6: Nguyễn Hoài Nam | F6: TC12Z5A1
B7: B1302016 | C7: CT178 | D7: C | E7: Nguyễn Phước Toàn | F7: XH13W9A1
A9: Câu C: | B9: A1200014 | C9: CT178 | D9: C | E9: =VLOOKUP(B9,Sheet1!$A$2:$D$15,2,FALSE)& " " & VLOOKUP(B9,Sheet1!$A$2:$D$15,3,FALSE) -> Võ Đông Triều | F9: =VLOOKUP(B9,Sheet1!$A$2:$D$15,4,FALSE) -> CP1296C1
A11: Câu D: | B11: A1200014 | C11: CT178 | D11: C | E11: =VLOOKUP(B11,Sheet1!$A$2:$D$15,2,FALSE)& " " & VLOOKUP(B11,Sheet1!$A$2:$D$15,3,FALSE) -> Võ Đông Triều | F11: =VLOOKUP(B11,Sheet1!$A$2:$D$15,4,FALSE) -> CP1296C1
